{
  "ticker": "LULU",
  "company": "Lululemon Athletica",
  "anchorDate": "2026-05-12",
  "latestClose": 125.6246,
  "avg12mo": 195.57599047619036,
  "avg24mo": 253.54346227544883,
  "high52wk": 335.19,
  "dilutedShares": 117.0,
  "netCash": 1800.0
}